source	target	scope	priority	flags
My SEKAI		game	40	title,not-name
My Sekai		game	40	title,not-name
Ena	Ena	game	50	title,proper-name
Kaito	Kaito	game	50	title,proper-name
Kanade	Kanade	game	50	title,proper-name
Len	Len	game	50	title,proper-name
Mafuyu	Mafuyu	game	50	title,proper-name
Maki	Maki	game	50	title,proper-name
Miku	Miku	game	50	title,proper-name
MySEKAI	MySEKAI	game	50	title,proper-name
Project Sekai	Project Sekai	game	50	title,proper-name
Rin	Rin	game	50	title,proper-name
Sekai	Sekai	game	50	title,proper-name
えな	えな	global	60	speaker
えむ	えむ	global	60	speaker
かなで	かなで	global	60	speaker
こはね	こはね	global	60	speaker
まふゆ	まふゆ	global	60	speaker
みのり	みのり	global	60	speaker
アイリ	アイリ	global	60	speaker
アキト	アキト	global	60	speaker
アン	アン	global	60	speaker
イチカ	イチカ	global	60	speaker
エナ	エナ	global	60	speaker
エム	エム	global	60	speaker
カイト	カイト	global	60	speaker
カナデ	カナデ	global	60	speaker
コハネ	コハネ	global	60	speaker
サキ	サキ	global	60	speaker
シズク	シズク	global	60	speaker
シホ	シホ	global	60	speaker
ツカサ	ツカサ	global	60	speaker
トウヤ	トウヤ	global	60	speaker
ネネ	ネネ	global	60	speaker
ハルカ	ハルカ	global	60	speaker
ホナミ	ホナミ	global	60	speaker
マフユ	マフユ	global	60	speaker
ミク	ミク	global	60	speaker
ミズキ	ミズキ	global	60	speaker
ミノリ	ミノリ	global	60	speaker
メイコ	メイコ	global	60	speaker
リン	リン	global	60	speaker
ルイ	ルイ	global	60	speaker
ルカ	ルカ	global	60	speaker
レン	レン	global	60	speaker
一歌	一歌	global	60	speaker
冬弥	冬弥	global	60	speaker
司	司	global	60	speaker
咲希	咲希	global	60	speaker
寧々	寧々	global	60	speaker
彰人	彰人	global	60	speaker
志歩	志歩	global	60	speaker
愛莉	愛莉	global	60	speaker
杏	杏	global	60	speaker
瑞希	瑞希	global	60	speaker
穂波	穂波	global	60	speaker
遥	遥	global	60	speaker
雫	雫	global	60	speaker
類	類	global	60	speaker
Free Live	sekai	40	title
Free Live!	sekai	40	title
Live	sekai	40	title
LIVE	sekai	40	title
Auto Training	sekai	40	title
Training	sekai	40	title
